guild_name,realm_name,achievements
hey im mvp,Tichondrius,"[5203, 5241, 5429, 5431]"
Not Amazing Just Korean,Tichondrius,"[5203, 5429, 5431]"
Not Amazing Just Korean,Tichondrius,"[5203, 5429, 5431]"
eat sleep pvp repeat,Sargeras,[5429]
do my dance,Darkspear,"[5203, 5429]"
Vector,Darkspear,"[5203, 5429]"
do my dance,Darkspear,"[5203, 5429]"
do my dance,Darkspear,"[5203, 5429]"
eat sleep pvp repeat,Sargeras,[5429]
Tauren Tipping,Zuluhed,[5203]
Not Amazing Just Korean,Tichondrius,"[5203, 5429, 5431]"
wompin,Illidan,"[5429, 5431]"
who are you talkin to,Bleeding Hollow,[5429]
hey im mvp,Tichondrius,"[5203, 5241, 5429, 5431]"
Sry babe Im on cooldown,Tichondrius,[5203]
who are you talkin to,Bleeding Hollow,[5429]
hey im mvp,Tichondrius,"[5203, 5241, 5429, 5431]"
Dads of WoW,Mal'Ganis,"[5203, 5429]"
hey im mvp,Tichondrius,"[5203, 5241, 5429, 5431]"
Propitious,Darkspear,[5429]
do my dance,Darkspear,"[5203, 5429]"
Starbucks Coffee,Darkspear,[5429]
Evolução,Trollbane,[5203]
A R M A T A,Zul'jin,"[5203, 5429]"
hey im mvp,Tichondrius,"[5203, 5241, 5429, 5431]"
one lesson per day,Tichondrius,"[5203, 5429, 5431]"
hey im mvp,Tichondrius,"[5203, 5241, 5429, 5431]"
Vector,Darkspear,"[5203, 5429]"
xoxo,Shadowmoon,"[5203, 5241, 5429, 5431]"
Victoria Vel Nex,Ravenholdt,"[5203, 5429]"
hey im mvp,Tichondrius,"[5203, 5241, 5429, 5431]"
hey im mvp,Tichondrius,"[5203, 5241, 5429, 5431]"
Hardcore Fishing Guild,Stormrage,[5203]
who are you talkin to,Bleeding Hollow,[5429]
